frame,label
Fall_00003,0
Fall_00003,0
Fall_00003,0
Fall_00003,0
Fall_00003,0
Fall_00003,0
Fall_00003,0
Fall_00003,0
Fall_00003,0
Fall_00003,0
Fall_00003,0
Fall_00003,0
Fall_00003,0
Fall_00003,0
Fall_00003,0
Fall_00003,0
Fall_00003,0
Fall_00003,0
Fall_00003,0
Fall_00003,0
Fall_00003,0
Fall_00003,0
Fall_00003,0
Fall_00003,0
Fall_00003,0
Fall_00003,0
Fall_00003,0
Fall_00003,0
Fall_00003,1
Fall_00003,1
Fall_00003,1
Fall_00003,1
Fall_00003,1
Fall_00003,1
Fall_00003,1
Fall_00003,1
Fall_00003,1
Fall_00003,1
Fall_00003,1
Fall_00003,1
Fall_00003,1
Fall_00003,1
Fall_00003,1
Fall_00003,1
Fall_00003,1
Fall_00003,1
Fall_00003,1
Fall_00003,1
Fall_00003,1
Fall_00003,1
Fall_00003,1
Fall_00003,1
Fall_00003,1
Fall_00003,1
Fall_00003,1
Fall_00003,1
Fall_00003,1
Fall_00003,1
Fall_00003,1
Fall_00003,1
Fall_00003,1
Fall_00003,1
Fall_00003,1
Fall_00003,1
Fall_00003,1
Fall_00003,1
Fall_00003,1
Fall_00003,1
Fall_00003,1
Fall_00003,1
Fall_00003,1
Fall_00003,1
Fall_00003,1
Fall_00003,1
Fall_00003,1
Fall_00003,1
Fall_00003,1
Fall_00003,1
Fall_00003,1
Fall_00003,1
Fall_00003,1
Fall_00003,1
Fall_00003,1
Fall_00003,1
Fall_00003,1
Fall_00003,1
Fall_00003,1
Fall_00003,1
Fall_00003,1
Fall_00003,1
Fall_00003,1
Fall_00003,1
Fall_00003,1
Fall_00003,1
Fall_00003,1
Fall_00003,1
Fall_00003,1
Fall_00003,1
Fall_00003,1
Fall_00003,1
Fall_00003,1
Fall_00003,1
Fall_00003,1
Fall_00003,1
Fall_00003,1
Fall_00003,1
Fall_00003,1
Fall_00003,1
Fall_00003,1
Fall_00003,1
Fall_00003,1
Fall_00003,1
Fall_00003,1
Fall_00003,1
Fall_00003,1
Fall_00003,1
Fall_00003,1
Fall_00003,1
Fall_00004,1
Fall_00004,0
Fall_00004,0
Fall_00004,0
Fall_00004,0
Fall_00004,0
Fall_00004,0
Fall_00004,0
Fall_00004,0
Fall_00004,0
Fall_00004,0
Fall_00004,0
Fall_00004,0
Fall_00004,0
Fall_00004,0
Fall_00004,0
Fall_00004,0
Fall_00004,0
Fall_00004,0
Fall_00004,0
Fall_00004,0
Fall_00004,0
Fall_00004,0
Fall_00004,0
Fall_00004,0
Fall_00004,0
Fall_00004,0
Fall_00004,0
Fall_00004,0
Fall_00004,0
Fall_00004,0
Fall_00004,0
Fall_00004,0
Fall_00004,0
Fall_00004,0
Fall_00004,0
Fall_00004,0
Fall_00004,0
Fall_00004,0
Fall_00004,0
Fall_00004,0
Fall_00004,0
Fall_00004,0
Fall_00004,0
Fall_00004,0
Fall_00004,0
Fall_00004,0
Fall_00004,0
Fall_00004,0
Fall_00004,0
Fall_00004,0
Fall_00004,0
Fall_00004,0
Fall_00004,0
Fall_00004,0
Fall_00004,0
Fall_00004,0
Fall_00004,0
Fall_00004,0
Fall_00004,0
Fall_00004,0
Fall_00004,0
Fall_00004,0
Fall_00004,0
Fall_00004,0
Fall_00004,0
Fall_00004,0
Fall_00004,0
Fall_00004,0
Fall_00004,0
Fall_00004,0
Fall_00004,0
Fall_00004,0
Fall_00004,0
Fall_00004,0
Fall_00004,0
Fall_00004,0
Fall_00004,0
Fall_00004,0
Fall_00004,0
Fall_00004,0
Fall_00004,0
Fall_00004,0
Fall_00004,0
Fall_00004,0
Fall_00004,0
Fall_00004,0
Fall_00004,0
Fall_00004,0
Fall_00004,0
Fall_00004,0
Fall_00004,0
Fall_00004,0
Fall_00004,0
Fall_00004,0
Fall_00004,0
Fall_00004,0
Fall_00004,0
Fall_00004,0
Fall_00004,0
Fall_00004,0
Fall_00004,0
Fall_00004,0
Fall_00004,0
Fall_00004,0
Fall_00004,0
Fall_00004,0
Fall_00004,0
Fall_00004,0
Fall_00004,0
Fall_00004,0
Fall_00004,0
Fall_00004,0
Fall_00004,0
Fall_00004,0
Fall_00004,0
Fall_00004,0
Fall_00004,0
Fall_00004,0
Fall_00004,0
Fall_00004,0
Fall_00004,0
Fall_00004,0
Fall_00004,0
Fall_00004,0
Fall_00004,0
Fall_00004,0
Fall_00004,1
Fall_00004,1
Fall_00004,1
Fall_00004,1
Fall_00004,1
Fall_00004,1
Fall_00004,1
Fall_00004,1
Fall_00004,1
Fall_00004,1
Fall_00004,1
Fall_00004,1
Fall_00004,1
Fall_00004,1
Fall_00004,1
Fall_00004,1
Fall_00004,1
Fall_00004,1
Fall_00004,1
Fall_00004,1
Fall_00004,1
Fall_00004,1
Fall_00004,1
Fall_00004,1
Fall_00004,1
Fall_00004,1
Fall_00004,1
Fall_00004,1
Fall_00004,1
Fall_00004,1
Fall_00004,1
Fall_00004,1
Fall_00004,1
Fall_00004,1
Fall_00004,1
Fall_00004,1
Fall_00004,1
Fall_00004,1
Fall_00004,1
Fall_00004,1
Fall_00004,1
Fall_00004,1
Fall_00004,1
Fall_00004,1
Fall_00004,1
Fall_00004,1
Fall_00004,1
Fall_00004,1
Fall_00004,1
Fall_00004,1
Fall_00004,1
Fall_00004,1
Fall_00004,1
Fall_00004,1
Fall_00005,0
Fall_00005,0
Fall_00005,0
Fall_00005,0
Fall_00005,0
Fall_00005,0
Fall_00005,0
Fall_00005,0
Fall_00005,0
Fall_00005,0
Fall_00005,0
Fall_00005,0
Fall_00005,0
Fall_00005,0
Fall_00005,0
Fall_00005,0
Fall_00005,0
Fall_00005,0
Fall_00005,0
Fall_00005,0
Fall_00005,0
Fall_00005,0
Fall_00005,0
Fall_00005,0
Fall_00005,0
Fall_00005,0
Fall_00005,0
Fall_00005,0
Fall_00005,0
Fall_00005,0
Fall_00005,0
Fall_00005,0
Fall_00005,0
Fall_00005,0
Fall_00005,0
Fall_00005,0
Fall_00005,0
Fall_00005,0
Fall_00005,0
Fall_00005,0
Fall_00005,0
Fall_00005,0
Fall_00005,0
Fall_00005,0
Fall_00005,0
Fall_00005,0
Fall_00005,0
Fall_00005,0
Fall_00005,0
Fall_00005,0
Fall_00005,0
Fall_00005,0
Fall_00005,0
Fall_00005,0
Fall_00005,0
Fall_00005,0
Fall_00005,0
Fall_00005,0
Fall_00005,0
Fall_00005,0
Fall_00005,0
Fall_00005,0
Fall_00005,0
Fall_00005,0
Fall_00005,0
Fall_00005,0
Fall_00005,0
Fall_00005,0
Fall_00005,0
Fall_00005,0
Fall_00005,0
Fall_00005,0
Fall_00005,0
Fall_00005,0
Fall_00005,0
Fall_00005,0
Fall_00005,0
Fall_00005,0
Fall_00005,0
Fall_00005,0
Fall_00005,0
Fall_00005,0
Fall_00005,0
Fall_00005,0
Fall_00005,0
Fall_00005,0
Fall_00005,0
Fall_00005,0
Fall_00005,0
Fall_00005,0
Fall_00005,0
Fall_00005,0
Fall_00005,0
Fall_00005,0
Fall_00005,0
Fall_00005,0
Fall_00005,0
Fall_00005,0
Fall_00005,0
Fall_00005,0
Fall_00005,0
Fall_00005,0
Fall_00005,0
Fall_00005,0
Fall_00005,0
Fall_00005,0
Fall_00005,0
Fall_00005,0
Fall_00005,0
Fall_00005,1
Fall_00005,1
Fall_00005,1
Fall_00005,1
Fall_00005,1
Fall_00005,1
Fall_00005,1
Fall_00005,1
Fall_00005,1
Fall_00005,1
Fall_00005,1
Fall_00005,1
Fall_00005,1
Fall_00005,1
Fall_00005,1
Fall_00005,1
Fall_00005,1
Fall_00005,1
Fall_00005,1
Fall_00005,1
Fall_00005,1
Fall_00005,1
Fall_00005,1
Fall_00005,1
Fall_00005,1
Fall_00005,1
Fall_00005,1
Fall_00005,1
Fall_00005,1
Fall_00005,1
Fall_00005,1
Fall_00005,1
Fall_00005,1
Fall_00005,1
Fall_00005,1
Fall_00005,1
Fall_00005,1
Fall_00005,1
Fall_00005,1
Fall_00005,1
Fall_00005,1
Fall_00005,1
Fall_00005,1
Fall_00005,1
Fall_00005,1
Fall_00005,1
Fall_00005,1
Fall_00005,1
Fall_00005,1
Fall_00005,1
Fall_00005,1
Fall_00006,0
Fall_00006,0
Fall_00006,0
Fall_00006,0
Fall_00006,0
Fall_00006,0
Fall_00006,0
Fall_00006,0
Fall_00006,0
Fall_00006,0
Fall_00006,0
Fall_00006,0
Fall_00006,0
Fall_00006,0
Fall_00006,0
Fall_00006,0
Fall_00006,0
Fall_00006,0
Fall_00006,0
Fall_00006,0
Fall_00006,0
Fall_00006,0
Fall_00006,0
Fall_00006,0
Fall_00006,0
Fall_00006,0
Fall_00006,0
Fall_00006,0
Fall_00006,0
Fall_00006,0
Fall_00006,0
Fall_00006,0
Fall_00006,0
Fall_00006,0
Fall_00006,0
Fall_00006,0
Fall_00006,0
Fall_00006,0
Fall_00006,0
Fall_00006,0
Fall_00006,0
Fall_00006,0
Fall_00006,0
Fall_00006,0
Fall_00006,0
Fall_00006,0
Fall_00006,0
Fall_00006,0
Fall_00006,0
Fall_00006,0
Fall_00006,0
Fall_00006,0
Fall_00006,0
Fall_00006,0
Fall_00006,0
Fall_00006,0
Fall_00006,0
Fall_00006,0
Fall_00006,0
Fall_00006,0
Fall_00006,0
Fall_00006,0
Fall_00006,0
Fall_00006,0
Fall_00006,0
Fall_00006,0
Fall_00006,0
Fall_00006,0
Fall_00006,0
Fall_00006,0
Fall_00006,0
Fall_00006,0
Fall_00006,0
Fall_00006,0
Fall_00006,0
Fall_00006,0
Fall_00006,0
Fall_00006,0
Fall_00006,0
Fall_00006,0
Fall_00006,0
Fall_00006,0
Fall_00006,0
Fall_00006,0
Fall_00006,0
Fall_00006,0
Fall_00006,0
Fall_00006,0
Fall_00006,0
Fall_00006,0
Fall_00006,0
Fall_00006,0
Fall_00006,0
Fall_00006,0
Fall_00006,0
Fall_00006,1
Fall_00006,1
Fall_00006,1
Fall_00006,1
Fall_00006,1
Fall_00006,1
Fall_00006,1
Fall_00006,1
Fall_00006,1
Fall_00006,1
Fall_00006,1
Fall_00006,1
Fall_00006,1
Fall_00006,1
Fall_00006,1
Fall_00006,1
Fall_00006,1
Fall_00006,1
Fall_00006,1
Fall_00006,1
Fall_00006,1
Fall_00006,1
Fall_00006,1
Fall_00006,1
Fall_00006,1
Fall_00006,1
Fall_00006,1
Fall_00006,1
Fall_00006,1
Fall_00006,1
Fall_00006,1
Fall_00006,1
Fall_00006,1
Fall_00006,1
Fall_00006,1
Fall_00006,1
Fall_00006,1
Fall_00006,1
Fall_00006,1
Fall_00006,1
Fall_00006,1
Fall_00006,1
Fall_00006,1
Fall_00006,1
Fall_00006,1
Fall_00006,1
Fall_00006,1
Fall_00006,1
Fall_00006,1
Fall_00006,1
Fall_00006,1
Fall_00006,1
Fall_00006,1
Fall_00006,1
Fall_00006,1
Fall_00006,1
Fall_00006,1
Fall_00006,1
Fall_00006,1
Fall_00006,1
Fall_00006,1
Fall_00006,1
Fall_00006,1
Fall_00006,1
Fall_00006,1
Fall_00006,1
Fall_00006,1
Fall_00006,1
Fall_00006,1
Fall_00006,1
Fall_00006,1
Fall_00006,1
Fall_00006,1
Fall_00006,1
Fall_00006,1
Fall_00006,1
Fall_00006,1
Fall_00006,1
Fall_00006,1
Fall_00006,1
Fall_00006,1
Fall_00006,1
Fall_00006,1
Fall_00006,1
Fall_00006,1
Fall_00006,1
Fall_00006,1
Fall_00006,1
Fall_00006,1
Fall_00006,1
Fall_00006,1
Fall_00006,1
Fall_00006,1
Fall_00007,1
Fall_00007,1
Fall_00007,1
Fall_00007,1
Fall_00007,1
Fall_00007,1
Fall_00007,1
Fall_00007,1
Fall_00007,1
Fall_00007,1
Fall_00007,1
Fall_00007,1
Fall_00007,1
Fall_00007,1
Fall_00007,1
Fall_00007,1
Fall_00007,1
Fall_00007,1
Fall_00007,1
Fall_00007,1
Fall_00007,1
Fall_00007,1
Fall_00007,1
Fall_00007,1
Fall_00007,1
Fall_00007,1
Fall_00007,1
Fall_00007,1
Fall_00007,1
Fall_00007,1
Fall_00007,1
Fall_00007,1
Fall_00007,1
Fall_00007,1
Fall_00007,1
Fall_00007,1
Fall_00007,1
Fall_00007,1
Fall_00007,1
Fall_00007,1
Fall_00007,1
Fall_00007,1
Fall_00007,1
Fall_00007,1
Fall_00007,1
Fall_00007,1
Fall_00007,1
Fall_00007,1
Fall_00007,1
Fall_00007,1
Fall_00007,1
Fall_00007,1
Fall_00007,1
Fall_00007,1
Fall_00007,1
Fall_00007,1
Fall_00007,1
Fall_00007,1
Fall_00007,1
Fall_00007,1
Fall_00007,1
Fall_00007,1
Fall_00007,1
Fall_00007,1
Fall_00007,1
Fall_00007,1
Fall_00007,1
Fall_00007,1
Fall_00007,1
Fall_00007,1
Fall_00007,1
Fall_00007,1
Fall_00007,1
Fall_00007,1
Fall_00007,1
Fall_00007,1
Fall_00007,1
Fall_00007,1
Fall_00007,1
Fall_00007,1
Fall_00007,1
Fall_00007,1
Fall_00007,1
Fall_00007,1
Fall_00007,1
Fall_00007,1
Fall_00007,1
Fall_00007,1
Fall_00007,1
Fall_00007,1
Fall_00007,1
Fall_00007,1
Fall_00007,1
Fall_00007,1
Fall_00007,1
Fall_00007,1
Fall_00007,1
Fall_00007,1
Fall_00007,1
Fall_00007,1
Fall_00007,1
Fall_00007,1
Fall_00007,1
Fall_00007,1
Fall_00007,1
Fall_00007,1
Fall_00007,1
Fall_00008,0
Fall_00008,0
Fall_00008,0
Fall_00008,0
Fall_00008,0
Fall_00008,0
Fall_00008,0
Fall_00008,0
Fall_00008,0
Fall_00008,0
Fall_00008,0
Fall_00008,0
Fall_00008,0
Fall_00008,0
Fall_00008,0
Fall_00008,0
Fall_00008,0
Fall_00008,0
Fall_00008,0
Fall_00008,0
Fall_00008,0
Fall_00008,0
Fall_00008,0
Fall_00008,0
Fall_00008,0
Fall_00008,0
Fall_00008,0
Fall_00008,0
Fall_00008,0
Fall_00008,0
Fall_00008,0
Fall_00008,0
Fall_00008,0
Fall_00008,0
Fall_00008,0
Fall_00008,0
Fall_00008,0
Fall_00008,0
Fall_00008,0
Fall_00008,0
Fall_00008,0
Fall_00008,0
Fall_00008,0
Fall_00008,0
Fall_00008,0
Fall_00008,0
Fall_00008,0
Fall_00008,0
Fall_00008,0
Fall_00008,0
Fall_00008,0
Fall_00008,0
Fall_00008,0
Fall_00008,0
Fall_00008,0
Fall_00008,0
Fall_00008,0
Fall_00008,0
Fall_00008,0
Fall_00008,0
Fall_00008,0
Fall_00008,0
Fall_00008,0
Fall_00008,0
Fall_00008,0
Fall_00008,0
Fall_00008,0
Fall_00008,0
Fall_00008,1
Fall_00008,1
Fall_00008,1
Fall_00008,1
Fall_00008,1
Fall_00008,1
Fall_00008,1
Fall_00008,1
Fall_00008,1
Fall_00008,1
Fall_00008,1
Fall_00008,1
Fall_00008,1
Fall_00008,1
Fall_00008,1
Fall_00008,1
Fall_00008,1
Fall_00008,1
Fall_00008,1
Fall_00008,1
Fall_00008,1
Fall_00008,1
Fall_00008,1
Fall_00008,1
Fall_00008,1
Fall_00008,1
Fall_00008,1
Fall_00008,1
Fall_00008,1
Fall_00008,1
Fall_00008,1
Fall_00008,1
Fall_00008,1
Fall_00008,1
Fall_00008,1
Fall_00008,1
Fall_00008,1
Fall_00008,1
Fall_00008,1
Fall_00008,1
Fall_00008,1
Fall_00008,1
Fall_00008,1
Fall_00008,1
Fall_00008,1
Fall_00008,1
Fall_00008,1
Fall_00008,1
Fall_00008,1
Fall_00008,1
Fall_00008,1
Fall_00008,1
Fall_00008,1
Fall_00008,1
Fall_00008,1
Fall_00008,1
Fall_00008,1
Fall_00008,1
Fall_00008,1
Fall_00008,1
Fall_00008,1
Fall_00008,1
Fall_00008,1
Fall_00008,1
Fall_00008,1
Fall_00008,1
Fall_00008,1
Fall_00008,1
Fall_00008,1
Fall_00008,1
Fall_00008,1
Fall_00009,0
Fall_00009,0
Fall_00009,0
Fall_00009,0
Fall_00009,0
Fall_00009,0
Fall_00009,0
Fall_00009,0
Fall_00009,0
Fall_00009,0
Fall_00009,0
Fall_00009,0
Fall_00009,0
Fall_00009,0
Fall_00009,0
Fall_00009,0
Fall_00009,0
Fall_00009,0
Fall_00009,0
Fall_00009,0
Fall_00009,0
Fall_00009,0
Fall_00009,0
Fall_00009,0
Fall_00009,0
Fall_00009,0
Fall_00009,0
Fall_00009,0
Fall_00009,0
Fall_00009,0
Fall_00009,0
Fall_00009,0
Fall_00009,0
Fall_00009,0
Fall_00009,0
Fall_00009,0
Fall_00009,0
Fall_00009,0
Fall_00009,0
Fall_00009,0
Fall_00009,0
Fall_00009,0
Fall_00009,0
Fall_00009,0
Fall_00009,0
Fall_00009,0
Fall_00009,0
Fall_00009,0
Fall_00009,0
Fall_00009,0
Fall_00009,0
Fall_00009,0
Fall_00009,0
Fall_00009,0
Fall_00009,0
Fall_00009,0
Fall_00009,0
Fall_00009,0
Fall_00009,0
Fall_00009,0
Fall_00009,0
Fall_00009,0
Fall_00009,0
Fall_00009,0
Fall_00009,0
Fall_00009,0
Fall_00009,0
Fall_00009,0
Fall_00009,0
Fall_00009,0
Fall_00009,0
Fall_00009,0
Fall_00009,1
Fall_00009,1
Fall_00009,1
Fall_00009,1
Fall_00009,1
Fall_00009,1
Fall_00009,1
Fall_00009,1
Fall_00009,1
Fall_00009,1
Fall_00009,1
Fall_00009,1
Fall_00009,1
Fall_00009,1
Fall_00009,1
Fall_00009,1
Fall_00009,1
Fall_00009,1
Fall_00009,1
Fall_00009,1
Fall_00009,1
Fall_00009,1
Fall_00009,1
Fall_00009,1
Fall_00009,1
Fall_00009,1
Fall_00009,1
Fall_00009,1
Fall_00009,1
Fall_00009,1
Fall_00009,1
Fall_00009,1
Fall_00009,1
Fall_00009,1
Fall_00009,1
Fall_00009,1
Fall_00009,1
Fall_00009,1
Fall_00009,1
Fall_00009,1
Fall_00009,1
Fall_00009,1
Fall_00009,1
Fall_00009,1
Fall_00009,1
Fall_00009,1
Fall_00009,1
Fall_00009,1
Fall_00009,1
Fall_00009,1
Fall_00009,1
Fall_00009,1
Fall_00009,1
Fall_00009,1
Fall_00009,1
Fall_00009,1
Fall_00009,1
Fall_00009,1
Fall_00009,1
Fall_00009,1
Fall_00009,1
Fall_00009,1
Fall_00009,1
Fall_00009,1
Fall_00009,1
Fall_00009,1
Fall_00009,1
Fall_00009,1
Fall_00009,1
Fall_00009,1
Fall_00009,1
Fall_00010,0
Fall_00010,0
Fall_00010,0
Fall_00010,0
Fall_00010,0
Fall_00010,0
Fall_00010,0
Fall_00010,0
Fall_00010,0
Fall_00010,0
Fall_00010,0
Fall_00010,0
Fall_00010,0
Fall_00010,0
Fall_00010,0
Fall_00010,0
Fall_00010,0
Fall_00010,0
Fall_00010,0
Fall_00010,0
Fall_00010,0
Fall_00010,0
Fall_00010,0
Fall_00010,0
Fall_00010,0
Fall_00010,0
Fall_00010,0
Fall_00010,0
Fall_00010,0
Fall_00010,0
Fall_00010,0
Fall_00010,0
Fall_00010,0
Fall_00010,0
Fall_00010,0
Fall_00010,0
Fall_00010,0
Fall_00010,0
Fall_00010,0
Fall_00010,0
Fall_00010,0
Fall_00010,0
Fall_00010,0
Fall_00010,0
Fall_00010,0
Fall_00010,0
Fall_00010,0
Fall_00010,0
Fall_00010,0
Fall_00010,0
Fall_00010,0
Fall_00010,0
Fall_00010,0
Fall_00010,0
Fall_00010,0
Fall_00010,0
Fall_00010,0
Fall_00010,0
Fall_00010,0
Fall_00010,0
Fall_00010,0
Fall_00010,0
Fall_00010,0
Fall_00010,0
Fall_00010,0
Fall_00010,0
Fall_00010,0
Fall_00010,0
Fall_00010,0
Fall_00010,0
Fall_00010,0
Fall_00010,0
Fall_00010,0
Fall_00010,0
Fall_00010,0
Fall_00010,0
Fall_00010,0
Fall_00010,0
Fall_00010,0
Fall_00010,0
Fall_00010,0
Fall_00010,0
Fall_00010,0
Fall_00010,0
Fall_00010,0
Fall_00010,0
Fall_00010,0
Fall_00010,0
Fall_00010,1
Fall_00010,1
Fall_00010,1
Fall_00010,1
Fall_00010,1
Fall_00010,1
Fall_00010,1
Fall_00010,1
Fall_00010,1
Fall_00010,1
Fall_00010,1
Fall_00010,1
Fall_00010,1
Fall_00010,1
Fall_00010,1
Fall_00010,1
Fall_00010,1
Fall_00010,1
Fall_00010,1
Fall_00010,1
Fall_00010,1
Fall_00010,1
Fall_00010,1
Fall_00010,1
Fall_00010,1
Fall_00010,1
Fall_00010,1
Fall_00010,1
Fall_00010,1
Fall_00010,1
Fall_00010,1
Fall_00010,1
Fall_00010,1
Fall_00010,1
Fall_00010,1
Fall_00010,1
Fall_00010,1
Fall_00010,1
Fall_00010,1
Fall_00010,1
Fall_00010,1
Fall_00010,1
Fall_00010,1
Fall_00010,1
Fall_00010,1
Fall_00010,1
Fall_00010,1
Fall_00010,1
Fall_00010,1
Fall_00010,1
Fall_00010,1
Fall_00010,1
Fall_00010,1
Fall_00010,1
Fall_00010,1
Fall_00010,1
Fall_00010,1
Fall_00010,1
Fall_00010,1
Fall_00010,1
Fall_00010,1
Fall_00010,1
Fall_00010,1
Fall_00010,1
Fall_00010,1
Fall_00010,1
Fall_00010,1
Fall_00010,1
Fall_00010,1
Fall_00010,1
Fall_00010,1
Fall_00010,1
Fall_00010,1
Fall_00010,1
Fall_00010,1
Fall_00010,1
Fall_00010,1
Fall_00010,1
Fall_00010,1
Fall_00010,1
Fall_00010,1
Fall_00010,1
Fall_00011,0
Fall_00011,0
Fall_00011,0
Fall_00011,0
Fall_00011,0
Fall_00011,0
Fall_00011,0
Fall_00011,0
Fall_00011,0
Fall_00011,0
Fall_00011,0
Fall_00011,0
Fall_00011,0
Fall_00011,0
Fall_00011,0
Fall_00011,0
Fall_00011,0
Fall_00011,0
Fall_00011,0
Fall_00011,0
Fall_00011,0
Fall_00011,0
Fall_00011,0
Fall_00011,0
Fall_00011,0
Fall_00011,0
Fall_00011,0
Fall_00011,0
Fall_00011,0
Fall_00011,0
Fall_00011,0
Fall_00011,0
Fall_00011,0
Fall_00011,0
Fall_00011,0
Fall_00011,0
Fall_00011,0
Fall_00011,0
Fall_00011,0
Fall_00011,0
Fall_00011,0
Fall_00011,0
Fall_00011,0
Fall_00011,0
Fall_00011,0
Fall_00011,0
Fall_00011,0
Fall_00011,0
Fall_00011,0
Fall_00011,0
Fall_00011,0
Fall_00011,0
Fall_00011,0
Fall_00011,0
Fall_00011,0
Fall_00011,0
Fall_00011,0
Fall_00011,0
Fall_00011,0
Fall_00011,0
Fall_00011,0
Fall_00011,0
Fall_00011,0
Fall_00011,0
Fall_00011,0
Fall_00011,0
Fall_00011,0
Fall_00011,0
Fall_00011,1
Fall_00011,1
Fall_00011,1
Fall_00011,1
Fall_00011,1
Fall_00011,1
Fall_00011,1
Fall_00011,1
Fall_00011,1
Fall_00011,1
Fall_00011,1
Fall_00011,1
Fall_00011,1
Fall_00011,1
Fall_00011,1
Fall_00011,1
Fall_00011,1
Fall_00011,1
Fall_00011,1
Fall_00011,1
Fall_00011,1
Fall_00011,1
Fall_00011,1
Fall_00011,1
Fall_00011,1
Fall_00011,1
Fall_00011,1
Fall_00011,1
Fall_00011,1
Fall_00011,1
Fall_00011,1
Fall_00011,1
Fall_00011,1
Fall_00011,1
Fall_00011,1
Fall_00011,1
Fall_00011,1
Fall_00011,1
Fall_00011,1
Fall_00011,1
Fall_00011,1
Fall_00011,1
Fall_00011,1
Fall_00011,1
Fall_00011,1
Fall_00011,1
Fall_00011,1
Fall_00011,1
Fall_00011,1
Fall_00011,1
Fall_00011,1
Fall_00011,1
Fall_00011,1
Fall_00011,1
Fall_00011,1
Fall_00011,1
Fall_00011,1
Fall_00011,1
Fall_00011,1
Fall_00011,1
Fall_00011,1
Fall_00011,1
Fall_00011,1
Fall_00011,1
Fall_00011,1
Fall_00011,1
Fall_00011,1
Fall_00011,1
Fall_00011,1
Fall_00011,1
Fall_00011,1
Fall_00011,1
Fall_00011,1
Fall_00011,1
Fall_00011,1
Fall_00011,1
Fall_00011,1
Fall_00011,1
Fall_00011,1
Fall_00011,1
Fall_00011,1
Fall_00011,1
Fall_00011,1
Fall_00011,1
Fall_00011,1
Fall_00011,1
Fall_00012,0
Fall_00012,0
Fall_00012,0
Fall_00012,0
Fall_00012,0
Fall_00012,0
Fall_00012,0
Fall_00012,0
Fall_00012,0
Fall_00012,0
Fall_00012,0
Fall_00012,0
Fall_00012,0
Fall_00012,0
Fall_00012,0
Fall_00012,0
Fall_00012,0
Fall_00012,0
Fall_00012,0
Fall_00012,0
Fall_00012,0
Fall_00012,0
Fall_00012,0
Fall_00012,0
Fall_00012,0
Fall_00012,0
Fall_00012,0
Fall_00012,0
Fall_00012,0
Fall_00012,0
Fall_00012,0
Fall_00012,0
Fall_00012,0
Fall_00012,0
Fall_00012,0
Fall_00012,0
Fall_00012,0
Fall_00012,0
Fall_00012,0
Fall_00012,0
Fall_00012,0
Fall_00012,0
Fall_00012,0
Fall_00012,0
Fall_00012,0
Fall_00012,1
Fall_00012,1
Fall_00012,1
Fall_00012,1
Fall_00012,1
Fall_00012,1
Fall_00012,1
Fall_00012,1
Fall_00012,1
Fall_00012,1
Fall_00012,1
Fall_00012,1
Fall_00012,1
Fall_00012,1
Fall_00012,1
Fall_00012,1
Fall_00012,1
Fall_00012,1
Fall_00012,1
Fall_00012,1
Fall_00012,1
Fall_00012,1
Fall_00012,1
Fall_00012,1
Fall_00012,1
Fall_00012,1
Fall_00012,1
Fall_00012,1
Fall_00012,1
Fall_00012,1
Fall_00012,1
Fall_00012,1
Fall_00012,1
Fall_00012,1
Fall_00012,1
Fall_00012,1
Fall_00012,1
Fall_00012,1
Fall_00012,1
Fall_00012,1
Fall_00012,1
Fall_00012,1
Fall_00012,1
Fall_00013,0
Fall_00013,0
Fall_00013,0
Fall_00013,0
Fall_00013,0
Fall_00013,0
Fall_00013,0
Fall_00013,0
Fall_00013,0
Fall_00013,0
Fall_00013,0
Fall_00013,0
Fall_00013,0
Fall_00013,0
Fall_00013,0
Fall_00013,0
Fall_00013,0
Fall_00013,0
Fall_00013,0
Fall_00013,0
Fall_00013,0
Fall_00013,0
Fall_00013,0
Fall_00013,0
Fall_00013,0
Fall_00013,0
Fall_00013,0
Fall_00013,0
Fall_00013,0
Fall_00013,0
Fall_00013,0
Fall_00013,0
Fall_00013,0
Fall_00013,0
Fall_00013,0
Fall_00013,0
Fall_00013,0
Fall_00013,0
Fall_00013,0
Fall_00013,0
Fall_00013,0
Fall_00013,0
Fall_00013,0
Fall_00013,0
Fall_00013,0
Fall_00013,0
Fall_00013,0
Fall_00013,1
Fall_00013,1
Fall_00013,1
Fall_00013,1
Fall_00013,1
Fall_00013,1
Fall_00013,1
Fall_00013,1
Fall_00013,1
Fall_00013,1
Fall_00013,1
Fall_00013,1
Fall_00013,1
Fall_00013,1
Fall_00013,1
Fall_00013,1
Fall_00013,1
Fall_00013,1
Fall_00013,1
Fall_00013,1
Fall_00013,1
Fall_00013,1
Fall_00013,1
Fall_00013,1
Fall_00013,1
Fall_00013,1
Fall_00013,1
Fall_00013,1
Fall_00013,1
Fall_00013,1
Fall_00013,1
Fall_00013,1
Fall_00013,1
Fall_00013,1
Fall_00013,1
Fall_00013,1
Fall_00013,1
Fall_00013,1
Fall_00014,0
Fall_00014,0
Fall_00014,0
Fall_00014,0
Fall_00014,0
Fall_00014,0
Fall_00014,0
Fall_00014,0
Fall_00014,0
Fall_00014,0
Fall_00014,0
Fall_00014,0
Fall_00014,0
Fall_00014,0
Fall_00014,0
Fall_00014,0
Fall_00014,0
Fall_00014,0
Fall_00014,0
Fall_00014,0
Fall_00014,0
Fall_00014,1
Fall_00014,1
Fall_00014,1
Fall_00014,1
Fall_00014,1
Fall_00014,1
Fall_00014,1
Fall_00014,1
Fall_00014,1
Fall_00014,1
Fall_00014,1
Fall_00014,1
Fall_00014,1
Fall_00014,1
Fall_00014,1
Fall_00014,1
Fall_00014,1
Fall_00014,1
Fall_00014,1
Fall_00014,1
Fall_00014,1
Fall_00014,1
Fall_00014,1
Fall_00014,1
Fall_00014,1
Fall_00014,1
Fall_00014,1
Fall_00014,1
Fall_00014,1
Fall_00014,1
Fall_00014,1
Fall_00014,1
Fall_00014,1
Fall_00014,1
Fall_00014,1
Fall_00014,1
Fall_00014,1
Fall_00014,1
Fall_00014,1
Fall_00014,1
Fall_00014,1
Fall_00014,1
Fall_00014,1
Fall_00014,1
Fall_00014,1
Fall_00014,1
Fall_00014,1
Fall_00014,1
Fall_00014,1
Fall_00014,1
Fall_00014,1
Fall_00014,1
Fall_00014,1
Fall_00015,0
Fall_00015,0
Fall_00015,0
Fall_00015,0
Fall_00015,0
Fall_00015,0
Fall_00015,0
Fall_00015,0
Fall_00015,0
Fall_00015,0
Fall_00015,0
Fall_00015,0
Fall_00015,0
Fall_00015,0
Fall_00015,0
Fall_00015,0
Fall_00015,0
Fall_00015,0
Fall_00015,0
Fall_00015,0
Fall_00015,0
Fall_00015,0
Fall_00015,0
Fall_00015,0
Fall_00015,0
Fall_00015,0
Fall_00015,0
Fall_00015,0
Fall_00015,0
Fall_00015,0
Fall_00015,0
Fall_00015,0
Fall_00015,0
Fall_00015,0
Fall_00015,0
Fall_00015,1
Fall_00015,1
Fall_00015,1
Fall_00015,1
Fall_00015,1
Fall_00015,1
Fall_00015,1
Fall_00015,1
Fall_00015,1
Fall_00015,1
Fall_00015,1
Fall_00015,1
Fall_00015,1
Fall_00015,1
Fall_00015,1
Fall_00015,1
Fall_00015,1
Fall_00015,1
Fall_00015,1
Fall_00015,1
Fall_00015,1
Fall_00015,1
Fall_00015,1
Fall_00015,1
Fall_00015,1
Fall_00015,1
Fall_00015,1
Fall_00015,1
Fall_00015,1
Fall_00015,1
Fall_00015,1
Fall_00015,1
Fall_00015,1
Fall_00015,1
Fall_00015,1
Fall_00015,1
Fall_00015,1
Fall_00015,1
Fall_00015,1
Fall_00015,1
Fall_00015,1
Fall_00015,1
Fall_00015,1
Fall_00015,1
Fall_00015,1
Fall_00015,1
Fall_00015,1
Fall_00016,0
Fall_00016,0
Fall_00016,0
Fall_00016,0
Fall_00016,0
Fall_00016,0
Fall_00016,0
Fall_00016,0
Fall_00016,0
Fall_00016,0
Fall_00016,0
Fall_00016,0
Fall_00016,0
Fall_00016,0
Fall_00016,0
Fall_00016,0
Fall_00016,0
Fall_00016,0
Fall_00016,0
Fall_00016,0
Fall_00016,0
Fall_00016,0
Fall_00016,0
Fall_00016,0
Fall_00016,0
Fall_00016,0
Fall_00016,0
Fall_00016,0
Fall_00016,0
Fall_00016,0
Fall_00016,0
Fall_00016,0
Fall_00016,0
Fall_00016,0
Fall_00016,0
Fall_00016,0
Fall_00016,0
Fall_00016,0
Fall_00016,0
Fall_00016,0
Fall_00016,0
Fall_00016,0
Fall_00016,0
Fall_00016,0
Fall_00016,0
Fall_00016,0
Fall_00016,0
Fall_00016,0
Fall_00016,0
Fall_00016,0
Fall_00016,0
Fall_00016,0
Fall_00016,0
Fall_00016,0
Fall_00016,0
Fall_00016,0
Fall_00016,0
Fall_00016,0
Fall_00016,0
Fall_00016,0
Fall_00016,0
Fall_00016,0
Fall_00016,0
Fall_00016,0
Fall_00016,0
Fall_00016,0
Fall_00016,0
Fall_00016,0
Fall_00016,0
Fall_00016,0
Fall_00016,0
Fall_00016,0
Fall_00016,0
Fall_00016,0
Fall_00016,0
Fall_00016,0
Fall_00016,0
Fall_00016,0
Fall_00016,0
Fall_00016,0
Fall_00016,0
Fall_00016,0
Fall_00016,0
Fall_00016,0
Fall_00016,0
Fall_00016,0
Fall_00016,0
Fall_00016,0
Fall_00016,0
Fall_00016,0
Fall_00016,0
Fall_00016,0
Fall_00016,0
Fall_00016,0
Fall_00016,0
Fall_00016,0
Fall_00016,0
Fall_00016,0
Fall_00016,0
Fall_00016,0
Fall_00016,0
Fall_00016,0
Fall_00016,0
Fall_00016,0
Fall_00016,0
Fall_00016,0
Fall_00016,0
Fall_00016,0
Fall_00016,0
Fall_00016,0
Fall_00016,0
Fall_00016,0
Fall_00016,0
Fall_00016,0
Fall_00016,0
Fall_00016,0
Fall_00016,0
Fall_00016,0
Fall_00016,0
Fall_00016,0
Fall_00016,0
Fall_00016,0
Fall_00016,0
Fall_00016,0
Fall_00016,0
Fall_00016,0
Fall_00016,0
Fall_00016,0
Fall_00016,0
Fall_00016,0
Fall_00016,0
Fall_00016,0
Fall_00016,0
Fall_00016,0
Fall_00016,0
Fall_00016,0
Fall_00016,0
Fall_00016,0
Fall_00016,1
Fall_00016,1
Fall_00016,1
Fall_00016,1
Fall_00016,1
Fall_00016,1
Fall_00016,1
Fall_00016,1
Fall_00016,1
Fall_00016,1
Fall_00016,1
Fall_00016,1
Fall_00016,1
Fall_00016,1
Fall_00016,1
Fall_00016,1
Fall_00016,1
Fall_00016,1
Fall_00016,1
Fall_00016,1
Fall_00016,1
Fall_00016,1
Fall_00016,1
Fall_00016,1
Fall_00016,1
Fall_00016,1
Fall_00016,1
Fall_00016,1
Fall_00016,1
Fall_00016,1
Fall_00016,1
Fall_00016,1
Fall_00016,1
Fall_00016,1
Fall_00016,1
Fall_00016,1
Fall_00016,1
Fall_00016,1
Fall_00016,1
Fall_00016,1
Fall_00016,1
Fall_00016,1
Fall_00016,1
Fall_00016,1
Fall_00016,1
Fall_00016,1
Fall_00016,1
Fall_00016,1
Fall_00016,1
Fall_00016,1
Fall_00016,1
Fall_00016,1
Fall_00016,1
Fall_00016,1
Fall_00016,1
Fall_00016,1
Fall_00016,1
Fall_00016,1
Fall_00016,1
Fall_00016,1
Fall_00016,1
Fall_00016,1
Fall_00016,1
Fall_00016,1
Fall_00016,1
Fall_00016,1
Fall_00016,1
Fall_00016,1
Fall_00016,1
Fall_00016,1
Fall_00016,1
Fall_00016,1
Fall_00016,1
Fall_00016,1
Fall_00016,1
Fall_00016,1
Fall_00016,1
Fall_00016,1
Fall_00016,1
Fall_00016,1
Fall_00016,1
Fall_00016,1
Fall_00016,1
Fall_00016,1
Fall_00016,1
Fall_00016,1
Fall_00016,1
Fall_00016,1
Fall_00016,1
Fall_00016,1
Fall_00016,1
Fall_00016,1
Fall_00016,1
Fall_00016,1
Fall_00016,1
Fall_00016,1
Fall_00016,1
Fall_00016,1
Fall_00016,1
Fall_00016,1
Fall_00016,1
Fall_00016,1
Fall_00016,1
Fall_00016,1
Fall_00016,1
Fall_00016,1
Fall_00016,1
Fall_00016,1
Fall_00016,1
Fall_00016,1
Fall_00016,1
Fall_00016,1
Fall_00016,1
Fall_00016,1
Fall_00016,1
Fall_00016,1
Fall_00016,1
Fall_00016,1
Fall_00016,1
Fall_00016,1
Fall_00016,1
Fall_00016,1
Fall_00016,1
Fall_00016,1
Fall_00016,1
Fall_00016,1
Fall_00016,1
Fall_00016,1
Fall_00016,1
Fall_00016,1
Fall_00016,1
Fall_00016,1
Fall_00016,1
Fall_00016,1
Fall_00016,1
Fall_00016,1
